<?xml version="1.0" encoding="UTF-8"?>
<con:soapui-project id="72c6c6ff-77ab-44a8-a527-86cfd3aeda16" activeEnvironment="Default" name="CustomerEndpoints" soapui-version="5.5.0" abortOnError="false" runType="SEQUENTIAL" resourceRoot="${projectDir}" xmlns:con="http://eviware.com/soapui/config"><con:settings/><con:interface xsi:type="con:RestService" id="06f8a9f9-3add-4b74-9112-362ec46059f0" wadlVersion="http://wadl.dev.java.net/2009/02" name="http://localhost:8182" type="rest" xmlns:xsi="http://www.w3.org/2001/XMLSchema-instance"><con:settings/><con:definitionCache type="TEXT" rootPart=""/><con:endpoints><con:endpoint>http://localhost:8182</con:endpoint></con:endpoints><con:resource name="AddCustomer" path="/customer/addCustomer" id="eb204c69-dfc6-427a-86aa-be03e1785536"><con:settings/><con:parameters/><con:method name="AddCustomer 1" id="7ff673a1-dba4-4e14-b043-d1154d748c13" method="POST"><con:settings/><con:parameters/><con:representation type="RESPONSE"><con:mediaType>application/json;charset=UTF-8</con:mediaType><con:status>200</con:status><con:params/><con:element xmlns:add="http://localhost/customer/addCustomer">add:Response</con:element></con:representation><con:representation type="REQUEST"><con:mediaType>application/json</con:mediaType><con:params/></con:representation><con:request name="Request 1" id="600489a9-f522-4181-9619-ce474c1bb9ff" mediaType="application/json" postQueryString="false"><con:settings><con:setting id="com.eviware.soapui.impl.wsdl.WsdlRequest@request-headers">&lt;xml-fragment/></con:setting></con:settings><con:endpoint>http://localhost:8182</con:endpoint><con:request>{
  "fullName": "Surya ",
  "email": "surya@gmail.com",
  "mobNo": "1432342335",
  "dob": "1960-01-01",
  "password": "testP2ssword"
}</con:request><con:originalUri>http://localhost/customer/addCustomer</con:originalUri><con:credentials><con:authType>No Authorization</con:authType></con:credentials><con:jmsConfig JMSDeliveryMode="PERSISTENT"/><con:jmsPropertyConfig/><con:parameters/></con:request></con:method></con:resource><con:resource name="listCustomers" path="/customer/listCustomers" id="8600f010-0f7d-4898-a115-9e95b64a40eb"><con:settings/><con:parameters/><con:method name="Method 1" id="96df360b-e14d-4109-ae40-b225befa8152" method="GET"><con:settings/><con:parameters/><con:representation type="RESPONSE"><con:mediaType>application/json;charset=UTF-8</con:mediaType><con:status>200</con:status><con:params/><con:element>Response</con:element></con:representation><con:request name="Request 1" id="e00763df-f266-4175-a69f-7800e9882b9c" mediaType="application/json"><con:settings><con:setting id="com.eviware.soapui.impl.wsdl.WsdlRequest@request-headers">&lt;xml-fragment/></con:setting></con:settings><con:endpoint>http://localhost:8182</con:endpoint><con:request/><con:originalUri>http://localhost/customer/listCustomers</con:originalUri><con:credentials><con:authType>No Authorization</con:authType></con:credentials><con:jmsConfig JMSDeliveryMode="PERSISTENT"/><con:jmsPropertyConfig/><con:parameters/></con:request></con:method></con:resource><con:resource name="login" path="/customer/login" id="89b2fdf1-98f5-4767-9388-54d47896c207"><con:settings/><con:parameters/><con:method name="Method 1" id="45a93193-f92a-4a5a-a64a-0970fdb4e151" method="POST"><con:settings/><con:parameters/><con:representation type="REQUEST"><con:mediaType>application/json</con:mediaType><con:params/></con:representation><con:representation type="RESPONSE"><con:mediaType>application/json;charset=UTF-8</con:mediaType><con:status>200</con:status><con:params/><con:element xmlns:log="http://localhost/customer/login">log:Response</con:element></con:representation><con:request name="Request 1" id="4825a0ae-9024-4569-aba2-c59ef23a8e4a" mediaType="application/json" postQueryString="false"><con:settings><con:setting id="com.eviware.soapui.impl.wsdl.WsdlRequest@request-headers">&lt;xml-fragment/></con:setting></con:settings><con:endpoint>http://localhost:8182</con:endpoint><con:request>{

	 "email": "surya@gmail.com",
	 "password": "testP2ssword"
}
</con:request><con:originalUri>http://localhost/customer/login</con:originalUri><con:credentials><con:authType>No Authorization</con:authType></con:credentials><con:jmsConfig JMSDeliveryMode="PERSISTENT"/><con:jmsPropertyConfig/><con:parameters/></con:request></con:method></con:resource></con:interface><con:properties/><con:wssContainer/><con:oAuth2ProfileContainer/><con:oAuth1ProfileContainer/></con:soapui-project>