<?xml version="1.0" encoding="UTF-8"?>
<con:soapui-project id="eca783fe-ae66-4126-87ae-3bfdf2d1d4f6" activeEnvironment="Default" name="TicketingEndpoints" soapui-version="5.5.0" abortOnError="false" runType="SEQUENTIAL" resourceRoot="${projectDir}" xmlns:con="http://eviware.com/soapui/config"><con:settings/><con:interface xsi:type="con:RestService" id="00e9ae9e-c08f-4554-a86f-327ff2a363f1" wadlVersion="http://wadl.dev.java.net/2009/02" name="http://localhost:8183" type="rest" xmlns:xsi="http://www.w3.org/2001/XMLSchema-instance"><con:settings/><con:definitionCache/><con:endpoints><con:endpoint>http://localhost:8183</con:endpoint></con:endpoints><con:resource name="ListTickets" path="/ticketing/listTickets" id="6176c98f-bb7f-464f-a96e-0114754d05ae"><con:settings/><con:parameters/><con:method name="ListTickets 1" id="a422b243-0a42-4346-a594-168236867422" method="GET"><con:settings/><con:parameters/><con:representation type="RESPONSE"><con:mediaType>application/json;charset=UTF-8</con:mediaType><con:status>200</con:status><con:params/><con:element>Response</con:element></con:representation><con:request name="Request 1" id="e435eccc-ca77-47a9-b7fc-ffe50e663bb8" mediaType="application/json"><con:settings><con:setting id="com.eviware.soapui.impl.wsdl.WsdlRequest@request-headers">&lt;xml-fragment/></con:setting></con:settings><con:endpoint>http://localhost:8183</con:endpoint><con:request/><con:originalUri>http://localhost/ticketing/listTickets</con:originalUri><con:credentials><con:authType>No Authorization</con:authType></con:credentials><con:jmsConfig JMSDeliveryMode="PERSISTENT"/><con:jmsPropertyConfig/><con:parameters/></con:request></con:method></con:resource><con:resource name="createTicket" path="/ticketing/createTicket" id="2d7f4b09-2905-48d3-b412-cdb51b17a46b"><con:settings/><con:parameters/><con:method name="Method 1" id="b98990fa-786d-4bb0-be86-0e9835ccb701" method="POST"><con:settings/><con:parameters/><con:representation type="REQUEST"><con:mediaType>application/json</con:mediaType><con:params/></con:representation><con:representation type="RESPONSE"><con:mediaType>application/json;charset=UTF-8</con:mediaType><con:status>200</con:status><con:params/><con:element xmlns:cre="http://localhost/ticketing/createTicket">cre:Response</con:element></con:representation><con:request name="Request 1" id="c8619e1a-d0e6-4a33-9bb0-79a906cc8057" mediaType="application/json" postQueryString="false"><con:settings><con:setting id="com.eviware.soapui.impl.wsdl.WsdlRequest@request-headers">&lt;xml-fragment/></con:setting></con:settings><con:endpoint>http://localhost:8183</con:endpoint><con:request>{
    "ticketId": null,
    "productId": 5,
    "customerId": 3,
    "complaintDetails": "Damaged",
    "status": "OPEN",
    "createdById": 3,
    "lastUpdatedById": 3,
    "creatorType": "CUSTOMER"
  }</con:request><con:originalUri>http://localhost/ticketing/createTicket</con:originalUri><con:credentials><con:authType>No Authorization</con:authType></con:credentials><con:jmsConfig JMSDeliveryMode="PERSISTENT"/><con:jmsPropertyConfig/><con:parameters/></con:request></con:method></con:resource><con:resource name="updateTicket" path="/ticketing/updateTicket" id="950636af-fa6b-453c-9492-e5bf3e7fa1ec"><con:settings/><con:parameters/><con:method name="Method 1" id="76b19e87-d80b-468c-9cb4-5a1bd1caf70b" method="POST"><con:settings/><con:parameters/><con:representation type="REQUEST"><con:mediaType>application/json</con:mediaType><con:params/></con:representation><con:representation type="RESPONSE"><con:mediaType>application/json;charset=UTF-8</con:mediaType><con:status>200</con:status><con:params/><con:element xmlns:upd="http://localhost/ticketing/updateTicket">upd:Response</con:element></con:representation><con:request name="Request 1" id="d98118e5-71ab-48a6-9749-7ca24375ad8a" mediaType="application/json" postQueryString="false"><con:settings><con:setting id="com.eviware.soapui.impl.wsdl.WsdlRequest@request-headers">&lt;xml-fragment/></con:setting></con:settings><con:endpoint>http://localhost:8183</con:endpoint><con:request>{
  "ticketId": 15,
  "notes": "Team is working on the fix.",
  "status": "ASSIGNED",
  "lastUpdatedById": 2
}</con:request><con:originalUri>http://localhost/ticketing/updateTicket</con:originalUri><con:credentials><con:authType>No Authorization</con:authType></con:credentials><con:jmsConfig JMSDeliveryMode="PERSISTENT"/><con:jmsPropertyConfig/><con:parameters/></con:request></con:method></con:resource><con:resource name="assignTicket" path="/ticketing/assignTicket" id="01fd92c5-1998-49c3-98a6-a196e82bd9ca"><con:settings/><con:parameters/><con:method name="Method 1" id="a2267745-5a37-41f3-b408-5cccc8b7a519" method="PATCH"><con:settings/><con:parameters/><con:representation type="REQUEST"><con:mediaType>application/json</con:mediaType><con:params/></con:representation><con:representation type="RESPONSE"><con:mediaType>application/json;charset=UTF-8</con:mediaType><con:status>200</con:status><con:params/><con:element xmlns:ass="http://localhost/ticketing/assignTicket">ass:Response</con:element></con:representation><con:request name="Request 1" id="0194b0e5-a6e4-41ca-949c-3a3d1c896cdd" mediaType="application/json" postQueryString="false"><con:settings><con:setting id="com.eviware.soapui.impl.wsdl.WsdlRequest@request-headers">&lt;xml-fragment/></con:setting></con:settings><con:endpoint>http://localhost:8183</con:endpoint><con:request>{
"ticketId" : 14,
"assignee": "2"
	
}
</con:request><con:originalUri>http://localhost/ticketing/assignTicket</con:originalUri><con:credentials><con:authType>No Authorization</con:authType></con:credentials><con:jmsConfig JMSDeliveryMode="PERSISTENT"/><con:jmsPropertyConfig/><con:parameters/></con:request></con:method></con:resource><con:resource name="GetTicketUpdates" path="/ticketing/getTicketUpdates/15" id="04cab54f-c91b-46f1-8be0-9d06246e36b2"><con:settings/><con:parameters/><con:method name="Method 1" id="f6aa8b80-7b1d-4e6f-ac48-5c7280acd9f8" method="GET"><con:settings/><con:parameters/><con:representation type="RESPONSE"><con:mediaType>application/json;charset=UTF-8</con:mediaType><con:status>200</con:status><con:params/><con:element>Response</con:element></con:representation><con:representation type="RESPONSE"><con:mediaType xsi:nil="true"/><con:status>0</con:status><con:params/><con:element>data</con:element></con:representation><con:representation type="RESPONSE"><con:mediaType xsi:nil="true"/><con:status>0</con:status><con:params/><con:element>data</con:element></con:representation><con:representation type="RESPONSE"><con:mediaType xsi:nil="true"/><con:status>0</con:status><con:params/><con:element>data</con:element></con:representation><con:representation type="RESPONSE"><con:mediaType xsi:nil="true"/><con:status>0</con:status><con:params/><con:element>data</con:element></con:representation><con:request name="Request 1" id="8703617c-76a0-430a-ae0a-f9abd6170ccc" mediaType="application/json"><con:settings><con:setting id="com.eviware.soapui.impl.wsdl.WsdlRequest@request-headers">&lt;xml-fragment/></con:setting></con:settings><con:endpoint>http://localhost:8183</con:endpoint><con:request/><con:originalUri>http://localhost/ticketing/getTicketUpdates/15</con:originalUri><con:credentials><con:authType>No Authorization</con:authType></con:credentials><con:jmsConfig JMSDeliveryMode="PERSISTENT"/><con:jmsPropertyConfig/><con:parameters/></con:request></con:method></con:resource><con:resource name="ListCustomerTickets" path="/ticketing/listCustomerTickets/3" id="23b3810c-8ba8-4f27-ac19-4bebc1f01044"><con:settings/><con:parameters/><con:method name="Method 1" id="a7c3ddfe-68ef-449d-880b-33a4cb46c5af" method="GET"><con:settings/><con:parameters/><con:representation type="RESPONSE"><con:mediaType>application/json;charset=UTF-8</con:mediaType><con:status>200</con:status><con:params/><con:element xmlns:ns="http://localhost/ticketing/listCustomerTickets/3">ns:Response</con:element></con:representation><con:representation type="RESPONSE"><con:mediaType xsi:nil="true"/><con:status>0</con:status><con:params/><con:element>data</con:element></con:representation><con:representation type="RESPONSE"><con:mediaType xsi:nil="true"/><con:status>0</con:status><con:params/><con:element>data</con:element></con:representation><con:representation type="RESPONSE"><con:mediaType xsi:nil="true"/><con:status>0</con:status><con:params/><con:element>data</con:element></con:representation><con:request name="Request 1" id="821af39e-e073-4f36-803d-3f7c6b7fee71" mediaType="application/json"><con:settings><con:setting id="com.eviware.soapui.impl.wsdl.WsdlRequest@request-headers">&lt;xml-fragment/></con:setting></con:settings><con:endpoint>http://localhost:8183</con:endpoint><con:request/><con:originalUri>http://localhost/ticketing/listCustomerTickets/3</con:originalUri><con:credentials><con:authType>No Authorization</con:authType></con:credentials><con:jmsConfig JMSDeliveryMode="PERSISTENT"/><con:jmsPropertyConfig/><con:parameters/></con:request></con:method></con:resource></con:interface><con:properties/><con:wssContainer/><con:oAuth2ProfileContainer/><con:oAuth1ProfileContainer/></con:soapui-project>